{
  "project_info": {
    "project_number": "929796240255",
    "firebase_url": "https://dreambig22-e5578.firebaseio.com",
    "project_id": "dreambig22-e5578",
    "storage_bucket": "dreambig22-e5578.appspot.com"
  },
  "client": [
    {
      "client_info": {
        "mobilesdk_app_id": "1:929796240255:android:df84551b715d9d97",
        "android_client_info": {
          "package_name": "com.example.dreambig2"
        }
      },
      "oauth_client": [
        {
          "client_id": "929796240255-bi73389hqg80ar67h8ksbmgb1nkagse2.apps.googleusercontent.com",
          "client_type": 1,
          "android_info": {
            "package_name": "com.example.dreambig2",
            "certificate_hash": "bcb9f6fbe53bffdd088a398794629108c6b4db71"
          }
        },
        {
          "client_id": "929796240255-gb2o5rn9s834d3rsekqi7s799jopilml.apps.googleusercontent.com",
          "client_type": 3
        }
      ],
      "api_key": [
        {
          "current_key": "AIzaSyB3Y7KEw-n_YqgX4o0pBxIaLtloo57yZwM"
        }
      ],
      "services": {
        "appinvite_service": {
          "other_platform_oauth_client": [
            {
              "client_id": "929796240255-gb2o5rn9s834d3rsekqi7s799jopilml.apps.googleusercontent.com",
              "client_type": 3
            }
          ]
        }
      }
    }
  ],
  "configuration_version": "1"
}